Workbook

Sheet How to edit
A1: AWB Hole Data
A2: Every option in the AWB Hole window comes from this workbook. Edit it in Excel; the add-in reads it the next time the window opens.
A4: Colour key
A5: Yellow cells: your values. Change them freely.
A6: Grey cells: calculated from other cells (formulas). Leave them alone.
A8: Rules
A9: One row per size. Units column: Metric rows are in mm, Imperial rows are in inches.
A10: Show = N hides a size from the window without deleting it.
A11: Add a size: copy a row, paste it below, change the values. Order of rows is the order in the dropdown.
A12: Do not rename the tabs or the column headings; the add-in finds data by those names.
A14: Tabs
A15: Settings: tap depth rule, drill extra depth, blind hole depth, fit colours, default units.
... A26: STARTER VALUES: every number here is a common default to get started. Check each against how you spec holes before relying on it.

Sheet Settings
A1: Settings
A3: Setting | B3: Value | C3: Meaning | D3: R | E3: G | F3: B | G3: Swatch
A4: Default units | B4: Metric | C4: Units the window opens in (Metric or Imperial).
A5: Thread depth (x D) | B5: 1.5 | C5: Default thread depth = this x nominal diameter. Editable per hole in the window.
A6: Drill extra depth (x D) | B6: 0.5 | C6: Default tap drill depth = thread depth + this x nominal diameter.
A7: Blind depth multiplier | B7: 2 | C7: A new blind clearance or dowel hole starts at the last depth used; the first time, at this x nominal diameter.
A8: Press fit colour | B8: Red | C8: Colour of press fit holes. RGB in the next columns. | D8: 220 | E8: 40 | F8: 40
A9: Normal fit colour | B9: Blue | C9: Colour of normal fit holes. | D9: 40 | E9: 100 | F9: 220
A10: Slip fit colour | B10: Green | C10: Colour of slip fit holes. | D10: 40 | E10: 170 | F10: 70

Sheet Clearance
A1: Clearance holes
A2: Hole diameter for each fit. Metric starter values from ISO 273 fine / medium / coarse; imperial from common close / free drill sizes. Check them.
A4: Units | B4: Size | C4: Nominal | D4: Close | E4: Normal | F4: Loose | G4: Show
A5: Metric | B5: M2 | C5: 2 | D5: 2.2 | E5: 2.4 | F5: 2.6 | G5: Y
A6: Metric | B6: M2.5 | C6: 2.5 | D6: 2.7 | E6: 2.9 | F6: 3.1 | G6: Y
A7: Metric | B7: M3 | C7: 3 | D7: 3.2 | E7: 3.4 | F7: 3.6 | G7: Y
A8: Metric | B8: M4 | C8: 4 | D8: 4.3 | E8: 4.5 | F8: 4.8 | G8: Y
A9: Metric | B9: M5 | C9: 5 | D9: 5.3 | E9: 5.5 | F9: 5.8 | G9: Y
A10: Metric | B10: M6 | C10: 6 | D10: 6.4 | E10: 6.6 | F10: 7 | G10: Y
A11: Metric | B11: M8 | C11: 8 | D11: 8.4 | E11: 9 | F11: 10 | G11: Y
A12: Metric | B12: M10 | C12: 10 | D12: 10.5 | E12: 11 | F12: 12 | G12: Y
A13: Metric | B13: M12 | C13: 12 | D13: 13 | E13: 13.5 | F13: 14.5 | G13: Y
A14: Metric | B14: M16 | C14: 16 | D14: 17 | E14: 17.5 | F14: 18.5 | G14: Y
A15: Metric | B15: M20 | C15: 20 | D15: 21 | E15: 22 | F15: 24 | G15: Y
A16: Imperial | B16: #4 | C16: 0.112 | D16: 0.116 | E16: 0.1285 | F16: 0.144 | G16: Y
... A23: Imperial | B23: 1/2 | C23: 0.5 | D23: 0.5156 | E23: 0.5312 | F23: 0.5469 | G23: Y

Sheet Counterbore
A1: Counterbores
A2: For socket head cap screws. The through hole uses the Clearance tab at the fit in 'Hole fit'. Head sits just below the surface at this depth.
A4: Units | B4: Size | C4: Screw | D4: Cbore dia | E4: Cbore depth | F4: Hole fit | G4: Show
A5: Metric | B5: M3 | C5: SHCS | D5: 6.5 | E5: 3.3 | F5: Normal | G5: Y
A6: Metric | B6: M4 | C6: SHCS | D6: 8 | E6: 4.4 | F6: Normal | G6: Y
A7: Metric | B7: M5 | C7: SHCS | D7: 9.5 | E7: 5.4 | F7: Normal | G7: Y
A8: Metric | B8: M6 | C8: SHCS | D8: 11 | E8: 6.5 | F8: Normal | G8: Y
A9: Metric | B9: M8 | C9: SHCS | D9: 14 | E9: 8.6 | F9: Normal | G9: Y
A10: Metric | B10: M10 | C10: SHCS | D10: 17.5 | E10: 10.8 | F10: Normal | G10: Y
A11: Metric | B11: M12 | C11: SHCS | D11: 20 | E11: 13 | F11: Normal | G11: Y
A12: Metric | B12: M16 | C12: SHCS | D12: 26 | E12: 17.5 | F12: Normal | G12: Y
A13: Metric | B13: M20 | C13: SHCS | D13: 32 | E13: 21.5 | F13: Normal | G13: Y
A14: Imperial | B14: #4 | C14: SHCS | D14: 0.2188 | E14: 0.125 | F14: Normal | G14: Y
A15: Imperial | B15: #6 | C15: SHCS | D15: 0.2812 | E15: 0.15 | F15: Normal | G15: Y
A16: Imperial | B16: #8 | C16: SHCS | D16: 0.3125 | E16: 0.175 | F16: Normal | G16: Y
... A21: Imperial | B21: 1/2 | C21: SHCS | D21: 0.8125 | E21: 0.51 | F21: Normal | G21: Y

Sheet Countersink
A1: Countersinks
A2: For flat head socket screws: metric 90 degrees, imperial 82 degrees. Diameter is a little over the screw's max head diameter so the head sits flush.
A4: Units | B4: Size | C4: Screw | D4: Csink dia | E4: Angle (deg) | F4: Hole fit | G4: Show
A5: Metric | B5: M3 | C5: FHCS | D5: 6.9 | E5: 90 | F5: Normal | G5: Y
A6: Metric | B6: M4 | C6: FHCS | D6: 9.2 | E6: 90 | F6: Normal | G6: Y
A7: Metric | B7: M5 | C7: FHCS | D7: 11.5 | E7: 90 | F7: Normal | G7: Y
A8: Metric | B8: M6 | C8: FHCS | D8: 13.8 | E8: 90 | F8: Normal | G8: Y
A9: Metric | B9: M8 | C9: FHCS | D9: 18.3 | E9: 90 | F9: Normal | G9: Y
A10: Metric | B10: M10 | C10: FHCS | D10: 22.8 | E10: 90 | F10: Normal | G10: Y
A11: Metric | B11: M12 | C11: FHCS | D11: 27.3 | E11: 90 | F11: Normal | G11: Y
A12: Metric | B12: M16 | C12: FHCS | D12: 34 | E12: 90 | F12: Normal | G12: Y
A13: Metric | B13: M20 | C13: FHCS | D13: 40.8 | E13: 90 | F13: Normal | G13: Y
A14: Imperial | B14: #4 | C14: FHCS | D14: 0.265 | E14: 82 | F14: Normal | G14: Y
A15: Imperial | B15: #6 | C15: FHCS | D15: 0.317 | E15: 82 | F15: Normal | G15: Y
A16: Imperial | B16: #8 | C16: FHCS | D16: 0.369 | E16: 82 | F16: Normal | G16: Y
... A21: Imperial | B21: 1/2 | C21: FHCS | D21: 1.055 | E21: 82 | F21: Normal | G21: Y

Sheet Spotface
A1: Spotfaces
A2: A shallow flat seat for a bolt head or washer on a rough or sloping face. One row per hole size, matched by Size to the Clearance, Tapped and Dowel sizes. Starter values; check them. Spotface depth may be 0.
A4: Units | B4: Size | C4: Spotface dia | D4: Spotface depth | E4: Show
A5: Metric | B5: M3 | C5: 8 | D5: 0.5 | E5: Y
A6: Metric | B6: M4 | C6: 10 | D6: 0.5 | E6: Y
A7: Metric | B7: M5 | C7: 11 | D7: 0.5 | E7: Y
A8: Metric | B8: M6 | C8: 13 | D8: 0.5 | E8: Y
A9: Metric | B9: M8 | C9: 16 | D9: 1 | E9: Y
A10: Metric | B10: M10 | C10: 20 | D10: 1 | E10: Y
A11: Metric | B11: M12 | C11: 22 | D11: 1 | E11: Y
A12: Metric | B12: M16 | C12: 28 | D12: 1 | E12: Y
A13: Metric | B13: M20 | C13: 34 | D13: 1 | E13: Y
A14: Imperial | B14: #4 | C14: 0.28 | D14: 0.02 | E14: Y
A15: Imperial | B15: #6 | C15: 0.34 | D15: 0.02 | E15: Y
A16: Imperial | B16: #8 | C16: 0.38 | D16: 0.02 | E16: Y
... A21: Imperial | B21: 1/2 | C21: 0.88 | D21: 0.04 | E21: Y

Sheet Tapped
A1: Tapped holes
A2: Tap drill per thread. Default depths are calculated from Settings (thread 1.5 x D, drill + 0.5 x D) and can be changed per hole in the window.
A4: Units | B4: Thread | C4: Nominal | D4: Pitch / TPI | E4: Tap drill | F4: Class | G4: Default thread depth | H4: Default drill depth | I4: Show
A5: Metric | B5: M2 | C5: 2 | D5: 0.4 | E5: 1.6 | F5: 6H | G5: =ROUND(C5*Settings!$B$5,3) -> 3 | H5: =ROUND(G5+C5*Settings!$B$6,3) -> 4 | I5: Y
A6: Metric | B6: M2.5 | C6: 2.5 | D6: 0.45 | E6: 2.05 | F6: 6H | G6: =ROUND(C6*Settings!$B$5,3) -> 3.75 | H6: =ROUND(G6+C6*Settings!$B$6,3) -> 5 | I6: Y
A7: Metric | B7: M3 | C7: 3 | D7: 0.5 | E7: 2.5 | F7: 6H | G7: =ROUND(C7*Settings!$B$5,3) -> 4.5 | H7: =ROUND(G7+C7*Settings!$B$6,3) -> 6 | I7: Y
A8: Metric | B8: M4 | C8: 4 | D8: 0.7 | E8: 3.3 | F8: 6H | G8: =ROUND(C8*Settings!$B$5,3) -> 6 | H8: =ROUND(G8+C8*Settings!$B$6,3) -> 8 | I8: Y
A9: Metric | B9: M5 | C9: 5 | D9: 0.8 | E9: 4.2 | F9: 6H | G9: =ROUND(C9*Settings!$B$5,3) -> 7.5 | H9: =ROUND(G9+C9*Settings!$B$6,3) -> 10 | I9: Y
A10: Metric | B10: M6 | C10: 6 | D10: 1.0 | E10: 5 | F10: 6H | G10: =ROUND(C10*Settings!$B$5,3) -> 9 | H10: =ROUND(G10+C10*Settings!$B$6,3) -> 12 | I10: Y
A11: Metric | B11: M8 | C11: 8 | D11: 1.25 | E11: 6.8 | F11: 6H | G11: =ROUND(C11*Settings!$B$5,3) -> 12 | H11: =ROUND(G11+C11*Settings!$B$6,3) -> 16 | I11: Y
A12: Metric | B12: M10 | C12: 10 | D12: 1.5 | E12: 8.5 | F12: 6H | G12: =ROUND(C12*Settings!$B$5,3) -> 15 | H12: =ROUND(G12+C12*Settings!$B$6,3) -> 20 | I12: Y
A13: Metric | B13: M12 | C13: 12 | D13: 1.75 | E13: 10.2 | F13: 6H | G13: =ROUND(C13*Settings!$B$5,3) -> 18 | H13: =ROUND(G13+C13*Settings!$B$6,3) -> 24 | I13: Y
A14: Metric | B14: M16 | C14: 16 | D14: 2.0 | E14: 14 | F14: 6H | G14: =ROUND(C14*Settings!$B$5,3) -> 24 | H14: =ROUND(G14+C14*Settings!$B$6,3) -> 32 | I14: Y
A15: Metric | B15: M20 | C15: 20 | D15: 2.5 | E15: 17.5 | F15: 6H | G15: =ROUND(C15*Settings!$B$5,3) -> 30 | H15: =ROUND(G15+C15*Settings!$B$6,3) -> 40 | I15: Y
A16: Imperial | B16: #4-40 UNC | C16: 0.112 | D16: 40 | E16: 0.089 | F16: 2B | G16: =ROUND(C16*Settings!$B$5,3) -> 0.168 | H16: =ROUND(G16+C16*Settings!$B$6,3) -> 0.224 | I16: Y
... A26: Imperial | B26: 3/4-10 UNC | C26: 0.75 | D26: 10 | E26: 0.6562 | F26: 2B | G26: =ROUND(C26*Settings!$B$5,3) -> 1.125 | H26: =ROUND(G26+C26*Settings!$B$6,3) -> 1.5 | I26: Y

Sheet Taper Tapped
A1: Taper tapped holes
A2: Tapered pipe threads. Thread type and Size must match Inventor's thread table (for example NPT 1/4, BSP Taper Internal Rc 1/4). Tap drill is for notes and hole tables; Inventor models its own. Default depths are calculated from Settings with the tap drill as D.
A4: Units | B4: Size | C4: Thread type | D4: Tap drill | E4: Default thread depth | F4: Default drill depth | G4: Show
A5: Metric | B5: Rc 1/8 | C5: BSP Taper Internal | D5: 8.4 | E5: =ROUND(D5*Settings!$B$5,3) -> 12.6 | F5: =ROUND(E5+D5*Settings!$B$6,3) -> 16.8 | G5: Y
A6: Metric | B6: Rc 1/4 | C6: BSP Taper Internal | D6: 11.2 | E6: =ROUND(D6*Settings!$B$5,3) -> 16.8 | F6: =ROUND(E6+D6*Settings!$B$6,3) -> 22.4 | G6: Y
A7: Metric | B7: Rc 3/8 | C7: BSP Taper Internal | D7: 14.8 | E7: =ROUND(D7*Settings!$B$5,3) -> 22.2 | F7: =ROUND(E7+D7*Settings!$B$6,3) -> 29.6 | G7: Y
A8: Metric | B8: Rc 1/2 | C8: BSP Taper Internal | D8: 18.4 | E8: =ROUND(D8*Settings!$B$5,3) -> 27.6 | F8: =ROUND(E8+D8*Settings!$B$6,3) -> 36.8 | G8: Y
A9: Metric | B9: Rc 3/4 | C9: BSP Taper Internal | D9: 24 | E9: =ROUND(D9*Settings!$B$5,3) -> 36 | F9: =ROUND(E9+D9*Settings!$B$6,3) -> 48 | G9: Y
A10: Imperial | B10: 1/16 | C10: NPT | D10: 0.25 | E10: =ROUND(D10*Settings!$B$5,3) -> 0.375 | F10: =ROUND(E10+D10*Settings!$B$6,3) -> 0.5 | G10: Y
A11: Imperial | B11: 1/8 | C11: NPT | D11: 0.34 | E11: =ROUND(D11*Settings!$B$5,3) -> 0.51 | F11: =ROUND(E11+D11*Settings!$B$6,3) -> 0.68 | G11: Y
A12: Imperial | B12: 1/4 | C12: NPT | D12: 0.44 | E12: =ROUND(D12*Settings!$B$5,3) -> 0.66 | F12: =ROUND(E12+D12*Settings!$B$6,3) -> 0.88 | G12: Y
A13: Imperial | B13: 3/8 | C13: NPT | D13: 0.58 | E13: =ROUND(D13*Settings!$B$5,3) -> 0.87 | F13: =ROUND(E13+D13*Settings!$B$6,3) -> 1.16 | G13: Y
A14: Imperial | B14: 1/2 | C14: NPT | D14: 0.72 | E14: =ROUND(D14*Settings!$B$5,3) -> 1.08 | F14: =ROUND(E14+D14*Settings!$B$6,3) -> 1.44 | G14: Y
A15: Imperial | B15: 3/4 | C15: NPT | D15: 0.92 | E15: =ROUND(D15*Settings!$B$5,3) -> 1.38 | F15: =ROUND(E15+D15*Settings!$B$6,3) -> 1.84 | G15: Y

Sheet Dowel
A1: Dowel and precision hole sizes
A2: Nominal sizes offered for dowel and precision holes. The tolerance comes from the Precision Tol tab.
A4: Units | B4: Size | C4: Nominal | D4: Show | E4: Cbore dia | F4: Cbore depth | G4: Csink dia | H4: Csink angle
A5: Metric | B5: 2 mm | C5: 2 | D5: Y | E5: 3 | F5: 1 | G5: 3 | H5: 90
A6: Metric | B6: 2.5 mm | C6: 2.5 | D6: Y | E6: 3.5 | F6: 1.25 | G6: 3.5 | H6: 90
A7: Metric | B7: 3 mm | C7: 3 | D7: Y | E7: 4 | F7: 1.5 | G7: 4 | H7: 90
A8: Metric | B8: 4 mm | C8: 4 | D8: Y | E8: 5 | F8: 2 | G8: 5 | H8: 90
A9: Metric | B9: 5 mm | C9: 5 | D9: Y | E9: 6 | F9: 2.5 | G9: 6 | H9: 90
A10: Metric | B10: 6 mm | C10: 6 | D10: Y | E10: 7 | F10: 3 | G10: 7 | H10: 90
A11: Metric | B11: 8 mm | C11: 8 | D11: Y | E11: 9 | F11: 4 | G11: 9 | H11: 90
A12: Metric | B12: 10 mm | C12: 10 | D12: Y | E12: 11 | F12: 5 | G12: 11 | H12: 90
A13: Metric | B13: 12 mm | C13: 12 | D13: Y | E13: 13 | F13: 6 | G13: 13 | H13: 90
A14: Metric | B14: 16 mm | C14: 16 | D14: Y | E14: 17 | F14: 8 | G14: 17 | H14: 90
A15: Imperial | B15: 1/8" | C15: 0.125 | D15: Y | E15: 0.165 | F15: 0.0625 | G15: 0.165 | H15: 90
A16: Imperial | B16: 3/16" | C16: 0.1875 | D16: Y | E16: 0.2275 | F16: 0.09375 | G16: 0.2275 | H16: 90
... A20: Imperial | B20: 1/2" | C20: 0.5 | D20: Y | E20: 0.54 | F20: 0.25 | G20: 0.54 | H20: 90

Sheet Precision Tol
A1: Precision hole tolerances
A2: One row per tolerance. The window lists the rows for the chosen fit; Default = Y is preselected. Type ISO uses the ISO code (limits worked out per size); Type Limits uses the Upper and Lower columns.
A4: Units | B4: Fit | C4: Name / purpose | D4: Type | E4: ISO code | F4: Upper | G4: Lower | H4: Default | I4: Note
A5: Metric | B5: Press | C5: Dowel pin, standard press | D5: ISO | E5: N7 | H5: Y | I5: With an m6 dowel pin: light interference.
A6: Metric | B6: Press | C6: Heavy press | D6: ISO | E6: P7 | H6: N | I6: Firmer press; for pins that must never move.
A7: Metric | B7: Normal | C7: Location fit | D7: ISO | E7: H7 | H7: Y | I7: The usual reamed dowel hole.
A8: Metric | B8: Slip | C8: Slip fit, removable | D8: ISO | E8: G7 | H8: Y | I8: Pin slides in by hand.
A9: Metric | B9: Slip | C9: Loose slip | D9: ISO | E9: F7 | H9: N | I9: Easy assembly, some play.
A10: Imperial | B10: Press | C10: Dowel pin, standard press | D10: Limits | F10: 0 | G10: -0.0005 | H10: Y | I10: Relative to nominal, inches.
A11: Imperial | B11: Normal | C11: Location fit | D11: Limits | F11: 0.0005 | G11: 0 | H11: Y | I11: Relative to nominal, inches.
A12: Imperial | B12: Slip | C12: Slip fit, removable | D12: Limits | F12: 0.001 | G12: 0.0005 | H12: Y | I12: Relative to nominal, inches.

Sheet Drill Point
A1: Blind hole bottoms
A2: Bottom shape offered for blind holes. Default = Y is preselected. Flat leaves Angle blank.
A4: Name | B4: Angle (deg) | C4: Default | D4: Show | E4: Note
A5: 118 deg | B5: 118 | C5: Y | D5: Y | E5: Standard twist drill point.
A6: 90 deg | B6: 90 | C6: N | D6: Y | E6: Spot drill / 90 degree point.
A7: Flat | C7: N | D7: Y | E7: Flat bottom (end mill or flat-bottom drill). Angle left blank.
